実績ID,勤務日,元請けID,元請け名,現場ID,現場名,ポストID,ポスト名,隊員ID,隊員名,職種,工事名,勤務区分,開始,終了,休憩分,実働分,残業分,伝票番号,状態
R20261001-0001,2026-10-01,C001,東西道路管理株式会社,S01,中央道 みどり管内維持修繕業務,P1,規制帯,E001,隊員1,規制保安員,舗装小補修,日勤,08:30,17:30,60,480,0,D-2000,確定
R20261001-0002,2026-10-01,C001,東西道路管理株式会社,S01,中央道 みどり管内維持修繕業務,P1,規制帯,E002,隊員2,規制保安員,舗装小補修,日勤,08:30,17:30,60,480,0,D-2000,確定
R20261001-0003,2026-10-01,C001,東西道路管理株式会社,S01,中央道 みどり管内維持修繕業務,P1,規制帯,E003,隊員3,規制保安員,舗装小補修,日勤,08:30,17:30,60,480,0,D-2000,確定
R20261001-0004,2026-10-01,C001,東西道路管理株式会社,S01,中央道 みどり管内維持修繕業務,P1,規制帯,E004,隊員4,規制保安員,舗装小補修,日勤,08:30,17:30,60,480,0,D-2000,確定
R20261001-0005,2026-10-01,C001,東西道路管理株式会社,S02,さくらバイパス 道路維持工事,P1,規制帯,E005,隊員5,規制保安員,さくらバイパス除草工,日勤,08:30,17:30,60,480,0,D-2004,確定
R20261001-0006,2026-10-01,C001,東西道路管理株式会社,S02,さくらバイパス 道路維持工事,P1,規制帯,E006,隊員6,規制保安員,さくらバイパス除草工,日勤,08:30,17:30,60,480,0,D-2004,確定
R20261001-0007,2026-10-01,C001,東西道路管理株式会社,S02,さくらバイパス 道路維持工事,P1,規制帯,E007,隊員7,規制保安員,さくらバイパス除草工,日勤,08:30,17:30,60,480,0,D-2004,確定
R20261001-0008,2026-10-01,C001,東西道路管理株式会社,S02,さくらバイパス 道路維持工事,P1,規制帯,E008,隊員8,規制保安員,さくらバイパス除草工,日勤,08:30,17:30,60,480,0,D-2004,確定
R20261001-0009,2026-10-01,C001,東西道路管理株式会社,S02,さくらバイパス 道路維持工事,P1,規制帯,E009,隊員9,規制保安員,さくらバイパス除草工,日勤,08:30,17:30,60,480,0,D-2004,確定
R20261001-0010,2026-10-01,C001,東西道路管理株式会社,S02,さくらバイパス 道路維持工事,P1,規制帯,E010,隊員10,規制保安員,さくらバイパス除草工,日勤,08:30,17:30,60,480,0,D-2004,確定
R20261002-0011,2026-10-02,C001,東西道路管理株式会社,S01,中央道 みどり管内維持修繕業務,P1,規制帯,E011,隊員11,規制保安員,伸縮装置補修,日勤,08:30,17:30,60,480,0,D-2010,確定
R20261002-0012,2026-10-02,C001,東西道路管理株式会社,S01,中央道 みどり管内維持修繕業務,P1,規制帯,E012,隊員12,規制保安員,伸縮装置補修,日勤,08:30,17:30,60,480,0,D-2010,確定
R20261002-0013,2026-10-02,C001,東西道路管理株式会社,S01,中央道 みどり管内維持修繕業務,P1,規制帯,E013,隊員13,規制保安員,伸縮装置補修,日勤,08:30,17:30,60,480,0,D-2010,確定
R20261002-0014,2026-10-02,C001,東西道路管理株式会社,S01,中央道 みどり管内維持修繕業務,P1,規制帯,E014,隊員14,規制保安員,伸縮装置補修,日勤,08:30,17:30,60,480,0,D-2010,確定
R20261002-0015,2026-10-02,C001,東西道路管理株式会社,S01,中央道 みどり管内維持修繕業務,P1,規制帯,E015,隊員15,規制保安員,伸縮装置補修,日勤,08:30,17:30,60,480,0,D-2010,確定
R20261002-0016,2026-10-02,C001,東西道路管理株式会社,S01,中央道 みどり管内維持修繕業務,P1,規制帯,E016,隊員16,規制保安員,構造物補修,夜勤,19:00,04:00,60,480,0,D-2015,確定
R20261002-0017,2026-10-02,C001,東西道路管理株式会社,S01,中央道 みどり管内維持修繕業務,P1,規制帯,E017,隊員17,規制保安員,構造物補修,夜勤,19:00,04:00,60,480,0,D-2015,確定
R20261002-0018,2026-10-02,C001,東西道路管理株式会社,S01,中央道 みどり管内維持修繕業務,P1,規制帯,E018,隊員18,規制保安員,構造物補修,夜勤,19:00,04:00,60,480,0,D-2015,確定
R20261002-0019,2026-10-02,C001,東西道路管理株式会社,S01,中央道 みどり管内維持修繕業務,P1,規制帯,E019,隊員19,規制保安員,構造物補修,夜勤,19:00,04:00,60,480,0,D-2015,確定
R20261002-0020,2026-10-02,C001,東西道路管理株式会社,S01,中央道 みどり管内維持修繕業務,P1,規制帯,E020,隊員20,規制保安員,構造物補修,夜勤,19:00,04:00,60,480,0,D-2015,確定
R20261002-0021,2026-10-02,C001,東西道路管理株式会社,S01,中央道 みどり管内維持修繕業務,P1,規制帯,E021,隊員21,規制保安員,構造物補修,夜勤,19:00,04:00,60,480,0,D-2015,確定
R20261002-0022,2026-10-02,C001,東西道路管理株式会社,S01,中央道 みどり管内維持修繕業務,P1,規制帯,E022,隊員22,規制保安員,構造物補修,夜勤,19:00,04:00,60,480,0,D-2015,確定
R20261002-0023,2026-10-02,C001,東西道路管理株式会社,S01,中央道 みどり管内維持修繕業務,P1,規制帯,E023,隊員23,規制保安員,構造物補修,夜勤,19:00,04:00,60,480,0,D-2015,確定
R20261002-0024,2026-10-02,C001,東西道路管理株式会社,S02,さくらバイパス 道路維持工事,P1,規制帯,E024,隊員24,規制保安員,さくらバイパス除草工,日勤,08:30,17:30,60,480,0,D-2023,確定
R20261002-0025,2026-10-02,C001,東西道路管理株式会社,S02,さくらバイパス 道路維持工事,P1,規制帯,E025,隊員25,規制保安員,さくらバイパス除草工,日勤,08:30,17:30,60,480,0,D-2023,確定
R20261002-0026,2026-10-02,C001,東西道路管理株式会社,S02,さくらバイパス 道路維持工事,P1,規制帯,E026,隊員26,規制保安員,さくらバイパス除草工,日勤,08:30,17:30,60,480,0,D-2023,確定
R20261002-0027,2026-10-02,C001,東西道路管理株式会社,S02,さくらバイパス 道路維持工事,P1,規制帯,E027,隊員27,規制保安員,さくらバイパス除草工,日勤,08:30,17:30,60,480,0,D-2023,確定
R20261002-0028,2026-10-02,C001,東西道路管理株式会社,S02,さくらバイパス 道路維持工事,P1,規制帯,E028,隊員28,規制保安員,さくらバイパス除草工,日勤,08:30,17:30,60,480,0,D-2023,確定
R20261002-0029,2026-10-02,C001,東西道路管理株式会社,S02,さくらバイパス 道路維持工事,P1,規制帯,E029,隊員29,規制保安員,さくらバイパス除草工,日勤,08:30,17:30,60,480,0,D-2023,確定
R20261005-0030,2026-10-05,C001,東西道路管理株式会社,S01,中央道 みどり管内維持修繕業務,P1,規制帯,E030,隊員30,規制保安員,伸縮装置補修,日勤,08:30,17:30,60,480,0,D-2029,確定
R20261005-0031,2026-10-05,C001,東西道路管理株式会社,S01,中央道 みどり管内維持修繕業務,P1,規制帯,E001,隊員1,規制保安員,伸縮装置補修,日勤,08:30,17:30,60,480,0,D-2029,確定
R20261005-0032,2026-10-05,C001,東西道路管理株式会社,S01,中央道 みどり管内維持修繕業務,P1,規制帯,E002,隊員2,規制保安員,伸縮装置補修,日勤,08:30,17:30,60,480,0,D-2029,確定
R20261005-0033,2026-10-05,C001,東西道路管理株式会社,S01,中央道 みどり管内維持修繕業務,P1,規制帯,E003,隊員3,規制保安員,伸縮装置補修,日勤,08:30,17:30,60,480,0,D-2029,確定
R20261005-0034,2026-10-05,C001,東西道路管理株式会社,S01,中央道 みどり管内維持修繕業務,P1,規制帯,E004,隊員4,規制保安員,伸縮装置補修,日勤,08:30,17:30,60,480,0,D-2029,確定
R20261005-0035,2026-10-05,C001,東西道路管理株式会社,S01,中央道 みどり管内維持修繕業務,P1,規制帯,E005,隊員5,作業員,路面清掃C,日勤,08:30,17:30,60,480,0,D-2034,確定
R20261005-0036,2026-10-05,C001,東西道路管理株式会社,S02,さくらバイパス 道路維持工事,P1,規制帯,E006,隊員6,規制保安員,さくらバイパス除草工,日勤,08:30,17:30,60,480,0,D-2035,確定
R20261005-0037,2026-10-05,C001,東西道路管理株式会社,S02,さくらバイパス 道路維持工事,P1,規制帯,E007,隊員7,規制保安員,さくらバイパス除草工,日勤,08:30,17:30,60,480,0,D-2035,確定
R20261005-0038,2026-10-05,C001,東西道路管理株式会社,S02,さくらバイパス 道路維持工事,P1,規制帯,E008,隊員8,規制保安員,さくらバイパス除草工,日勤,08:30,17:30,60,480,0,D-2035,確定
R20261005-0039,2026-10-05,C001,東西道路管理株式会社,S02,さくらバイパス 道路維持工事,P1,規制帯,E009,隊員9,規制保安員,さくらバイパス除草工,日勤,08:30,17:30,60,480,0,D-2035,確定
R20261005-0040,2026-10-05,C001,東西道路管理株式会社,S02,さくらバイパス 道路維持工事,P1,規制帯,E010,隊員10,規制保安員,さくらバイパス除草工,日勤,08:30,17:30,60,480,0,D-2035,確定
R20261005-0041,2026-10-05,C001,東西道路管理株式会社,S02,さくらバイパス 道路維持工事,P1,規制帯,E011,隊員11,規制保安員,さくらバイパス除草工,日勤,08:30,17:30,60,480,0,D-2035,確定
R20261006-0042,2026-10-06,C001,東西道路管理株式会社,S01,中央道 みどり管内維持修繕業務,P1,規制帯,E012,隊員12,規制保安員,植栽関係作業,日勤,08:30,17:30,60,480,0,D-2041,確定
R20261006-0043,2026-10-06,C001,東西道路管理株式会社,S01,中央道 みどり管内維持修繕業務,P1,規制帯,E013,隊員13,規制保安員,植栽関係作業,日勤,08:30,17:30,60,480,0,D-2041,確定
R20261006-0044,2026-10-06,C001,東西道路管理株式会社,S01,中央道 みどり管内維持修繕業務,P1,規制帯,E014,隊員14,規制保安員,植栽関係作業,日勤,08:30,17:30,60,480,0,D-2041,確定
R20261006-0045,2026-10-06,C001,東西道路管理株式会社,S01,中央道 みどり管内維持修繕業務,P1,規制帯,E015,隊員15,規制保安員,構造物補修,夜勤,19:00,04:00,60,480,0,D-2044,確定
R20261006-0046,2026-10-06,C001,東西道路管理株式会社,S01,中央道 みどり管内維持修繕業務,P1,規制帯,E016,隊員16,規制保安員,構造物補修,夜勤,19:00,04:00,60,480,0,D-2044,確定
R20261006-0047,2026-10-06,C001,東西道路管理株式会社,S01,中央道 みどり管内維持修繕業務,P1,規制帯,E017,隊員17,規制保安員,構造物補修,夜勤,19:00,04:00,60,480,0,D-2044,確定
R20261006-0048,2026-10-06,C001,東西道路管理株式会社,S01,中央道 みどり管内維持修繕業務,P1,規制帯,E018,隊員18,規制保安員,構造物補修,夜勤,19:00,04:00,60,480,0,D-2044,確定
R20261006-0049,2026-10-06,C001,東西道路管理株式会社,S01,中央道 みどり管内維持修繕業務,P1,規制帯,E019,隊員19,規制保安員,構造物補修,夜勤,19:00,04:00,60,480,0,D-2044,確定
R20261006-0050,2026-10-06,C001,東西道路管理株式会社,S01,中央道 みどり管内維持修繕業務,P1,規制帯,E020,隊員20,規制保安員,構造物補修,夜勤,19:00,04:00,60,480,0,D-2044,確定
R20261006-0051,2026-10-06,C001,東西道路管理株式会社,S01,中央道 みどり管内維持修繕業務,P1,規制帯,E021,隊員21,規制保安員,構造物補修,夜勤,19:00,04:00,60,480,0,D-2044,確定
R20261006-0052,2026-10-06,C001,東西道路管理株式会社,S01,中央道 みどり管内維持修繕業務,P1,規制帯,E022,隊員22,規制保安員,構造物補修,夜勤,19:00,04:00,60,480,0,D-2044,確定
R20261006-0053,2026-10-06,C001,東西道路管理株式会社,S02,さくらバイパス 道路維持工事,P1,規制帯,E023,隊員23,規制保安員,さくらバイパス除草工,日勤,08:30,17:30,60,480,0,D-2052,確定
R20261006-0054,2026-10-06,C001,東西道路管理株式会社,S02,さくらバイパス 道路維持工事,P1,規制帯,E024,隊員24,規制保安員,さくらバイパス除草工,日勤,08:30,17:30,60,480,0,D-2052,確定
R20261006-0055,2026-10-06,C001,東西道路管理株式会社,S02,さくらバイパス 道路維持工事,P1,規制帯,E025,隊員25,規制保安員,さくらバイパス除草工,日勤,08:30,17:30,60,480,0,D-2052,確定
R20261006-0056,2026-10-06,C001,東西道路管理株式会社,S02,さくらバイパス 道路維持工事,P1,規制帯,E026,隊員26,規制保安員,さくらバイパス除草工,日勤,08:30,17:30,60,480,0,D-2052,確定
R20261006-0057,2026-10-06,C001,東西道路管理株式会社,S02,さくらバイパス 道路維持工事,P1,規制帯,E027,隊員27,規制保安員,さくらバイパス除草工,日勤,08:30,17:30,60,480,0,D-2052,確定
R20261006-0058,2026-10-06,C001,東西道路管理株式会社,S02,さくらバイパス 道路維持工事,P1,規制帯,E028,隊員28,規制保安員,さくらバイパス除草工,日勤,08:30,17:30,60,480,0,D-2052,確定
R20261007-0059,2026-10-07,C001,東西道路管理株式会社,S01,中央道 みどり管内維持修繕業務,P1,規制帯,E029,隊員29,規制保安員,舗装小補修,日勤,08:30,17:30,60,480,0,D-2058,確定
R20261007-0060,2026-10-07,C001,東西道路管理株式会社,S01,中央道 みどり管内維持修繕業務,P1,規制帯,E030,隊員30,規制保安員,舗装小補修,日勤,08:30,17:30,60,480,0,D-2058,確定
R20261007-0061,2026-10-07,C001,東西道路管理株式会社,S01,中央道 みどり管内維持修繕業務,P1,規制帯,E001,隊員1,規制保安員,舗装小補修,日勤,08:30,17:30,60,480,0,D-2058,確定
R20261007-0062,2026-10-07,C001,東西道路管理株式会社,S01,中央道 みどり管内維持修繕業務,P1,規制帯,E002,隊員2,規制保安員,舗装小補修,日勤,08:30,17:30,60,480,0,D-2058,確定
R20261007-0063,2026-10-07,C001,東西道路管理株式会社,S02,さくらバイパス 道路維持工事,P1,規制帯,E003,隊員3,規制保安員,さくらバイパス除草工,日勤,08:30,17:30,60,480,0,D-2062,確定
R20261007-0064,2026-10-07,C001,東西道路管理株式会社,S02,さくらバイパス 道路維持工事,P1,規制帯,E004,隊員4,規制保安員,さくらバイパス除草工,日勤,08:30,17:30,60,480,0,D-2062,確定
R20261007-0065,2026-10-07,C001,東西道路管理株式会社,S02,さくらバイパス 道路維持工事,P1,規制帯,E005,隊員5,規制保安員,さくらバイパス除草工,日勤,08:30,17:30,60,480,0,D-2062,確定
R20261007-0066,2026-10-07,C001,東西道路管理株式会社,S02,さくらバイパス 道路維持工事,P1,規制帯,E006,隊員6,規制保安員,さくらバイパス除草工,日勤,08:30,17:30,60,480,0,D-2062,確定
R20261007-0067,2026-10-07,C001,東西道路管理株式会社,S02,さくらバイパス 道路維持工事,P1,規制帯,E007,隊員7,規制保安員,さくらバイパス除草工,日勤,08:30,17:30,60,480,0,D-2062,確定
R20261007-0068,2026-10-07,C001,東西道路管理株式会社,S02,さくらバイパス 道路維持工事,P1,規制帯,E008,隊員8,規制保安員,さくらバイパス除草工,日勤,08:30,17:30,60,480,0,D-2062,確定
R20261008-0069,2026-10-08,C001,東西道路管理株式会社,S01,中央道 みどり管内維持修繕業務,P1,規制帯,E009,隊員9,規制保安員,伸縮装置補修,日勤,08:30,17:30,60,480,0,D-2068,確定
R20261008-0070,2026-10-08,C001,東西道路管理株式会社,S01,中央道 みどり管内維持修繕業務,P1,規制帯,E010,隊員10,規制保安員,伸縮装置補修,日勤,08:30,17:30,60,480,0,D-2068,確定
R20261008-0071,2026-10-08,C001,東西道路管理株式会社,S01,中央道 みどり管内維持修繕業務,P1,規制帯,E011,隊員11,規制保安員,伸縮装置補修,日勤,08:30,17:30,60,480,0,D-2068,確定
R20261008-0072,2026-10-08,C001,東西道路管理株式会社,S01,中央道 みどり管内維持修繕業務,P1,規制帯,E012,隊員12,規制保安員,伸縮装置補修,日勤,08:30,17:30,60,480,0,D-2068,確定
R20261008-0073,2026-10-08,C001,東西道路管理株式会社,S01,中央道 みどり管内維持修繕業務,P1,規制帯,E013,隊員13,規制保安員,伸縮装置補修,日勤,08:30,17:30,60,480,0,D-2068,確定
R20261008-0074,2026-10-08,C001,東西道路管理株式会社,S01,中央道 みどり管内維持修繕業務,P1,規制帯,E014,隊員14,規制保安員,構造物補修,夜勤,19:00,04:00,60,480,0,D-2073,確定
R20261008-0075,2026-10-08,C001,東西道路管理株式会社,S01,中央道 みどり管内維持修繕業務,P1,規制帯,E015,隊員15,規制保安員,構造物補修,夜勤,19:00,04:00,60,480,0,D-2073,確定
R20261008-0076,2026-10-08,C001,東西道路管理株式会社,S01,中央道 みどり管内維持修繕業務,P1,規制帯,E016,隊員16,規制保安員,構造物補修,夜勤,19:00,04:00,60,480,0,D-2073,確定
R20261008-0077,2026-10-08,C001,東西道路管理株式会社,S01,中央道 みどり管内維持修繕業務,P1,規制帯,E017,隊員17,規制保安員,構造物補修,夜勤,19:00,04:00,60,480,0,D-2073,確定
R20261008-0078,2026-10-08,C001,東西道路管理株式会社,S01,中央道 みどり管内維持修繕業務,P1,規制帯,E018,隊員18,規制保安員,構造物補修,夜勤,19:00,04:00,60,480,0,D-2073,確定
R20261008-0079,2026-10-08,C001,東西道路管理株式会社,S01,中央道 みどり管内維持修繕業務,P1,規制帯,E019,隊員19,規制保安員,構造物補修,夜勤,19:00,04:00,60,480,0,D-2073,確定
R20261008-0080,2026-10-08,C001,東西道路管理株式会社,S02,さくらバイパス 道路維持工事,P1,規制帯,E020,隊員20,規制保安員,さくらバイパス除草工,日勤,08:30,17:30,60,480,0,D-2079,確定
R20261008-0081,2026-10-08,C001,東西道路管理株式会社,S02,さくらバイパス 道路維持工事,P1,規制帯,E021,隊員21,規制保安員,さくらバイパス除草工,日勤,08:30,17:30,60,480,0,D-2079,確定
R20261008-0082,2026-10-08,C001,東西道路管理株式会社,S02,さくらバイパス 道路維持工事,P1,規制帯,E022,隊員22,規制保安員,さくらバイパス除草工,日勤,08:30,17:30,60,480,0,D-2079,確定
R20261008-0083,2026-10-08,C001,東西道路管理株式会社,S02,さくらバイパス 道路維持工事,P1,規制帯,E023,隊員23,規制保安員,さくらバイパス除草工,日勤,08:30,17:30,60,480,0,D-2079,確定
R20261008-0084,2026-10-08,C001,東西道路管理株式会社,S02,さくらバイパス 道路維持工事,P1,規制帯,E024,隊員24,規制保安員,さくらバイパス除草工,日勤,08:30,17:30,60,480,0,D-2079,確定
R20261008-0085,2026-10-08,C001,東西道路管理株式会社,S02,さくらバイパス 道路維持工事,P1,規制帯,E025,隊員25,規制保安員,さくらバイパス除草工,日勤,08:30,17:30,60,480,0,D-2079,確定
R20261009-0086,2026-10-09,C001,東西道路管理株式会社,S01,中央道 みどり管内維持修繕業務,P1,規制帯,E026,隊員26,規制保安員,植栽関係作業,日勤,08:30,17:30,60,480,0,D-2085,確定
R20261009-0087,2026-10-09,C001,東西道路管理株式会社,S01,中央道 みどり管内維持修繕業務,P1,規制帯,E027,隊員27,規制保安員,植栽関係作業,日勤,08:30,17:30,60,480,0,D-2085,確定
R20261009-0088,2026-10-09,C001,東西道路管理株式会社,S01,中央道 みどり管内維持修繕業務,P1,規制帯,E028,隊員28,規制保安員,植栽関係作業,日勤,08:30,17:30,60,480,0,D-2085,確定
R20261009-0089,2026-10-09,C001,東西道路管理株式会社,S02,さくらバイパス 道路維持工事,P1,規制帯,E029,隊員29,規制保安員,さくらバイパス除草工,日勤,08:30,17:30,60,480,0,D-2088,確定
R20261009-0090,2026-10-09,C001,東西道路管理株式会社,S02,さくらバイパス 道路維持工事,P1,規制帯,E030,隊員30,規制保安員,さくらバイパス除草工,日勤,08:30,17:30,60,480,0,D-2088,確定
R20261009-0091,2026-10-09,C001,東西道路管理株式会社,S02,さくらバイパス 道路維持工事,P1,規制帯,E001,隊員1,規制保安員,さくらバイパス除草工,日勤,08:30,17:30,60,480,0,D-2088,確定
R20261009-0092,2026-10-09,C001,東西道路管理株式会社,S02,さくらバイパス 道路維持工事,P1,規制帯,E002,隊員2,規制保安員,さくらバイパス除草工,日勤,08:30,17:30,60,480,0,D-2088,確定
R20261009-0093,2026-10-09,C001,東西道路管理株式会社,S02,さくらバイパス 道路維持工事,P1,規制帯,E003,隊員3,規制保安員,さくらバイパス除草工,日勤,08:30,17:30,60,480,0,D-2088,確定
R20261009-0094,2026-10-09,C001,東西道路管理株式会社,S02,さくらバイパス 道路維持工事,P1,規制帯,E004,隊員4,規制保安員,さくらバイパス除草工,日勤,08:30,17:30,60,480,0,D-2088,確定
R20261012-0095,2026-10-12,C001,東西道路管理株式会社,S01,中央道 みどり管内維持修繕業務,P1,規制帯,E005,隊員5,規制保安員,植栽関係作業,日勤,08:30,17:30,60,480,0,D-2094,確定
R20261012-0096,2026-10-12,C001,東西道路管理株式会社,S01,中央道 みどり管内維持修繕業務,P1,規制帯,E006,隊員6,規制保安員,植栽関係作業,日勤,08:30,17:30,60,480,0,D-2094,確定
R20261012-0097,2026-10-12,C001,東西道路管理株式会社,S01,中央道 みどり管内維持修繕業務,P1,規制帯,E007,隊員7,規制保安員,植栽関係作業,日勤,08:30,17:30,60,480,0,D-2094,確定
R20261012-0098,2026-10-12,C001,東西道路管理株式会社,S01,中央道 みどり管内維持修繕業務,P1,規制帯,E008,隊員8,規制保安員,構造物補修,夜勤,19:00,04:00,60,480,0,D-2097,確定
R20261012-0099,2026-10-12,C001,東西道路管理株式会社,S01,中央道 みどり管内維持修繕業務,P1,規制帯,E009,隊員9,規制保安員,構造物補修,夜勤,19:00,04:00,60,480,0,D-2097,確定
R20261012-0100,2026-10-12,C001,東西道路管理株式会社,S01,中央道 みどり管内維持修繕業務,P1,規制帯,E010,隊員10,規制保安員,構造物補修,夜勤,19:00,04:00,60,480,0,D-2097,確定
R20261012-0101,2026-10-12,C001,東西道路管理株式会社,S01,中央道 みどり管内維持修繕業務,P1,規制帯,E011,隊員11,規制保安員,構造物補修,夜勤,19:00,04:00,60,480,0,D-2097,確定
R20261012-0102,2026-10-12,C001,東西道路管理株式会社,S01,中央道 みどり管内維持修繕業務,P1,規制帯,E012,隊員12,規制保安員,構造物補修,夜勤,19:00,04:00,60,480,0,D-2097,確定
R20261012-0103,2026-10-12,C001,東西道路管理株式会社,S01,中央道 みどり管内維持修繕業務,P1,規制帯,E013,隊員13,規制保安員,構造物補修,夜勤,19:00,04:00,60,480,0,D-2097,確定
R20261012-0104,2026-10-12,C001,東西道路管理株式会社,S03,あおば橋 橋梁定期点検 規制・保安業務,P1,規制帯,E014,隊員14,規制保安員,橋梁定期点検,日勤,08:00,17:30,60,510,0,D-2103,確定
R20261012-0105,2026-10-12,C001,東西道路管理株式会社,S03,あおば橋 橋梁定期点検 規制・保安業務,P1,規制帯,E015,隊員15,規制保安員,橋梁定期点検,日勤,08:00,17:30,60,510,0,D-2103,確定
R20261012-0106,2026-10-12,C001,東西道路管理株式会社,S03,あおば橋 橋梁定期点検 規制・保安業務,P1,規制帯,E016,隊員16,規制保安員,橋梁定期点検,日勤,08:00,17:30,60,510,0,D-2103,確定
R20261013-0107,2026-10-13,C001,東西道路管理株式会社,S01,中央道 みどり管内維持修繕業務,P1,規制帯,E017,隊員17,規制保安員,舗装小補修,日勤,08:30,17:30,60,480,0,D-2106,確定
R20261013-0108,2026-10-13,C001,東西道路管理株式会社,S01,中央道 みどり管内維持修繕業務,P1,規制帯,E018,隊員18,規制保安員,舗装小補修,日勤,08:30,17:30,60,480,0,D-2106,確定
R20261013-0109,2026-10-13,C001,東西道路管理株式会社,S01,中央道 みどり管内維持修繕業務,P1,規制帯,E019,隊員19,規制保安員,舗装小補修,日勤,08:30,17:30,60,480,0,D-2106,確定
R20261013-0110,2026-10-13,C001,東西道路管理株式会社,S01,中央道 みどり管内維持修繕業務,P1,規制帯,E020,隊員20,規制保安員,舗装小補修,日勤,08:30,17:30,60,480,0,D-2106,確定
R20261013-0111,2026-10-13,C001,東西道路管理株式会社,S03,あおば橋 橋梁定期点検 規制・保安業務,P1,規制帯,E021,隊員21,規制保安員,橋梁定期点検,日勤,08:30,17:30,60,480,0,D-2110,確定
R20261013-0112,2026-10-13,C001,東西道路管理株式会社,S03,あおば橋 橋梁定期点検 規制・保安業務,P1,規制帯,E022,隊員22,規制保安員,橋梁定期点検,日勤,08:30,17:30,60,480,0,D-2110,確定
R20261013-0113,2026-10-13,C001,東西道路管理株式会社,S03,あおば橋 橋梁定期点検 規制・保安業務,P1,規制帯,E023,隊員23,規制保安員,橋梁定期点検,日勤,08:30,17:30,60,480,0,D-2110,確定
R20261014-0114,2026-10-14,C001,東西道路管理株式会社,S01,中央道 みどり管内維持修繕業務,P1,規制帯,E024,隊員24,規制保安員,伸縮装置補修,日勤,08:30,17:30,60,480,0,D-2113,確定
R20261014-0115,2026-10-14,C001,東西道路管理株式会社,S01,中央道 みどり管内維持修繕業務,P1,規制帯,E025,隊員25,規制保安員,伸縮装置補修,日勤,08:30,17:30,60,480,0,D-2113,確定
R20261014-0116,2026-10-14,C001,東西道路管理株式会社,S01,中央道 みどり管内維持修繕業務,P1,規制帯,E026,隊員26,規制保安員,伸縮装置補修,日勤,08:30,17:30,60,480,0,D-2113,確定
R20261014-0117,2026-10-14,C001,東西道路管理株式会社,S01,中央道 みどり管内維持修繕業務,P1,規制帯,E027,隊員27,規制保安員,伸縮装置補修,日勤,08:30,17:30,60,480,0,D-2113,確定
R20261014-0118,2026-10-14,C001,東西道路管理株式会社,S01,中央道 みどり管内維持修繕業務,P1,規制帯,E028,隊員28,規制保安員,伸縮装置補修,日勤,08:30,17:30,60,480,0,D-2113,確定
R20261014-0119,2026-10-14,C001,東西道路管理株式会社,S01,中央道 みどり管内維持修繕業務,P1,規制帯,E029,隊員29,規制保安員,構造物補修,夜勤,19:00,04:00,60,480,0,D-2118,確定
R20261014-0120,2026-10-14,C001,東西道路管理株式会社,S01,中央道 みどり管内維持修繕業務,P1,規制帯,E030,隊員30,規制保安員,構造物補修,夜勤,19:00,04:00,60,480,0,D-2118,確定
R20261014-0121,2026-10-14,C001,東西道路管理株式会社,S01,中央道 みどり管内維持修繕業務,P1,規制帯,E001,隊員1,規制保安員,構造物補修,夜勤,19:00,04:00,60,480,0,D-2118,確定
R20261014-0122,2026-10-14,C001,東西道路管理株式会社,S01,中央道 みどり管内維持修繕業務,P1,規制帯,E002,隊員2,規制保安員,構造物補修,夜勤,19:00,04:00,60,480,0,D-2118,確定
R20261014-0123,2026-10-14,C001,東西道路管理株式会社,S01,中央道 みどり管内維持修繕業務,P1,規制帯,E003,隊員3,規制保安員,構造物補修,夜勤,19:00,04:00,60,480,0,D-2118,確定
R20261014-0124,2026-10-14,C001,東西道路管理株式会社,S01,中央道 みどり管内維持修繕業務,P1,規制帯,E004,隊員4,規制保安員,構造物補修,夜勤,19:00,04:00,60,480,0,D-2118,確定
R20261014-0125,2026-10-14,C001,東西道路管理株式会社,S01,中央道 みどり管内維持修繕業務,P1,規制帯,E005,隊員5,規制保安員,構造物補修,夜勤,19:00,04:00,60,480,0,D-2118,確定
R20261014-0126,2026-10-14,C001,東西道路管理株式会社,S01,中央道 みどり管内維持修繕業務,P1,規制帯,E006,隊員6,規制保安員,構造物補修,夜勤,19:00,04:00,60,480,0,D-2118,確定
R20261014-0127,2026-10-14,C001,東西道路管理株式会社,S03,あおば橋 橋梁定期点検 規制・保安業務,P1,規制帯,E007,隊員7,規制保安員,橋梁定期点検,日勤,08:30,17:30,60,480,0,D-2126,確定
R20261014-0128,2026-10-14,C001,東西道路管理株式会社,S03,あおば橋 橋梁定期点検 規制・保安業務,P1,規制帯,E008,隊員8,規制保安員,橋梁定期点検,日勤,08:30,17:30,60,480,0,D-2126,確定
R20261014-0129,2026-10-14,C001,東西道路管理株式会社,S03,あおば橋 橋梁定期点検 規制・保安業務,P1,規制帯,E009,隊員9,規制保安員,橋梁定期点検,日勤,08:30,17:30,60,480,0,D-2126,確定
R20261015-0130,2026-10-15,C001,東西道路管理株式会社,S01,中央道 みどり管内維持修繕業務,P1,規制帯,E010,隊員10,規制保安員,植栽関係作業,日勤,08:30,17:30,60,480,0,D-2129,確定
R20261015-0131,2026-10-15,C001,東西道路管理株式会社,S01,中央道 みどり管内維持修繕業務,P1,規制帯,E011,隊員11,規制保安員,植栽関係作業,日勤,08:30,17:30,60,480,0,D-2129,確定
R20261015-0132,2026-10-15,C001,東西道路管理株式会社,S01,中央道 みどり管内維持修繕業務,P1,規制帯,E012,隊員12,規制保安員,植栽関係作業,日勤,08:30,17:30,60,480,0,D-2129,確定
R20261015-0133,2026-10-15,C001,東西道路管理株式会社,S01,中央道 みどり管内維持修繕業務,P1,規制帯,E013,隊員13,作業員,路面清掃C,日勤,08:30,17:30,60,480,0,D-2132,確定
R20261015-0134,2026-10-15,C001,東西道路管理株式会社,S03,あおば橋 橋梁定期点検 規制・保安業務,P1,規制帯,E014,隊員14,規制保安員,橋梁定期点検,日勤,08:30,17:30,60,480,0,D-2133,確定
R20261015-0135,2026-10-15,C001,東西道路管理株式会社,S03,あおば橋 橋梁定期点検 規制・保安業務,P1,規制帯,E015,隊員15,規制保安員,橋梁定期点検,日勤,08:30,17:30,60,480,0,D-2133,確定
R20261015-0136,2026-10-15,C001,東西道路管理株式会社,S03,あおば橋 橋梁定期点検 規制・保安業務,P1,規制帯,E016,隊員16,規制保安員,橋梁定期点検,日勤,08:30,17:30,60,480,0,D-2133,確定
R20261016-0137,2026-10-16,C001,東西道路管理株式会社,S01,中央道 みどり管内維持修繕業務,P1,規制帯,E017,隊員17,規制保安員,舗装小補修,日勤,08:30,17:30,60,480,0,D-2136,確定
R20261016-0138,2026-10-16,C001,東西道路管理株式会社,S01,中央道 みどり管内維持修繕業務,P1,規制帯,E018,隊員18,規制保安員,舗装小補修,日勤,08:30,17:30,60,480,0,D-2136,確定
R20261016-0139,2026-10-16,C001,東西道路管理株式会社,S01,中央道 みどり管内維持修繕業務,P1,規制帯,E019,隊員19,規制保安員,舗装小補修,日勤,08:30,17:30,60,480,0,D-2136,確定
R20261016-0140,2026-10-16,C001,東西道路管理株式会社,S01,中央道 みどり管内維持修繕業務,P1,規制帯,E020,隊員20,規制保安員,舗装小補修,日勤,08:30,17:30,60,480,0,D-2136,確定
R20261016-0141,2026-10-16,C001,東西道路管理株式会社,S01,中央道 みどり管内維持修繕業務,P1,規制帯,E021,隊員21,規制保安員,構造物補修,夜勤,19:00,04:00,60,480,0,D-2140,確定
R20261016-0142,2026-10-16,C001,東西道路管理株式会社,S01,中央道 みどり管内維持修繕業務,P1,規制帯,E022,隊員22,規制保安員,構造物補修,夜勤,19:00,04:00,60,480,0,D-2140,確定
R20261016-0143,2026-10-16,C001,東西道路管理株式会社,S01,中央道 みどり管内維持修繕業務,P1,規制帯,E023,隊員23,規制保安員,構造物補修,夜勤,19:00,04:00,60,480,0,D-2140,確定
R20261016-0144,2026-10-16,C001,東西道路管理株式会社,S01,中央道 みどり管内維持修繕業務,P1,規制帯,E024,隊員24,規制保安員,構造物補修,夜勤,19:00,04:00,60,480,0,D-2140,確定
R20261016-0145,2026-10-16,C001,東西道路管理株式会社,S01,中央道 みどり管内維持修繕業務,P1,規制帯,E025,隊員25,規制保安員,構造物補修,夜勤,19:00,04:00,60,480,0,D-2140,確定
R20261016-0146,2026-10-16,C001,東西道路管理株式会社,S01,中央道 みどり管内維持修繕業務,P1,規制帯,E026,隊員26,規制保安員,構造物補修,夜勤,19:00,04:00,60,480,0,D-2140,確定
R20261016-0147,2026-10-16,C001,東西道路管理株式会社,S03,あおば橋 橋梁定期点検 規制・保安業務,P1,規制帯,E027,隊員27,規制保安員,橋梁定期点検,日勤,08:30,17:30,60,480,0,D-2146,確定
R20261016-0148,2026-10-16,C001,東西道路管理株式会社,S03,あおば橋 橋梁定期点検 規制・保安業務,P1,規制帯,E028,隊員28,規制保安員,橋梁定期点検,日勤,08:30,17:30,60,480,0,D-2146,確定
R20261016-0149,2026-10-16,C001,東西道路管理株式会社,S03,あおば橋 橋梁定期点検 規制・保安業務,P1,規制帯,E029,隊員29,規制保安員,橋梁定期点検,日勤,08:30,17:30,60,480,0,D-2146,確定
R20261019-0150,2026-10-19,C001,東西道路管理株式会社,S01,中央道 みどり管内維持修繕業務,P1,規制帯,E030,隊員30,規制保安員,舗装小補修,日勤,08:30,17:30,60,480,0,D-2149,確定
R20261019-0151,2026-10-19,C001,東西道路管理株式会社,S01,中央道 みどり管内維持修繕業務,P1,規制帯,E001,隊員1,規制保安員,舗装小補修,日勤,08:30,17:30,60,480,0,D-2149,確定
R20261019-0152,2026-10-19,C001,東西道路管理株式会社,S01,中央道 みどり管内維持修繕業務,P1,規制帯,E002,隊員2,規制保安員,舗装小補修,日勤,08:30,17:30,60,480,0,D-2149,確定
R20261019-0153,2026-10-19,C001,東西道路管理株式会社,S01,中央道 みどり管内維持修繕業務,P1,規制帯,E003,隊員3,規制保安員,舗装小補修,日勤,08:30,17:30,60,480,0,D-2149,確定
R20261019-0154,2026-10-19,C001,東西道路管理株式会社,S03,あおば橋 橋梁定期点検 規制・保安業務,P1,規制帯,E004,隊員4,規制保安員,橋梁定期点検,日勤,08:30,17:30,60,480,0,D-2153,確定
R20261019-0155,2026-10-19,C001,東西道路管理株式会社,S03,あおば橋 橋梁定期点検 規制・保安業務,P1,規制帯,E005,隊員5,規制保安員,橋梁定期点検,日勤,08:30,17:30,60,480,0,D-2153,確定
R20261019-0156,2026-10-19,C001,東西道路管理株式会社,S03,あおば橋 橋梁定期点検 規制・保安業務,P1,規制帯,E006,隊員6,規制保安員,橋梁定期点検,日勤,08:30,17:30,60,480,0,D-2153,確定
R20261020-0157,2026-10-20,C001,東西道路管理株式会社,S01,中央道 みどり管内維持修繕業務,P1,規制帯,E007,隊員7,規制保安員,伸縮装置補修,日勤,08:30,17:30,60,480,0,D-2156,確定
R20261020-0158,2026-10-20,C001,東西道路管理株式会社,S01,中央道 みどり管内維持修繕業務,P1,規制帯,E008,隊員8,規制保安員,伸縮装置補修,日勤,08:30,17:30,60,480,0,D-2156,確定
R20261020-0159,2026-10-20,C001,東西道路管理株式会社,S01,中央道 みどり管内維持修繕業務,P1,規制帯,E009,隊員9,規制保安員,伸縮装置補修,日勤,08:30,17:30,60,480,0,D-2156,確定
R20261020-0160,2026-10-20,C001,東西道路管理株式会社,S01,中央道 みどり管内維持修繕業務,P1,規制帯,E010,隊員10,規制保安員,伸縮装置補修,日勤,08:30,17:30,60,480,0,D-2156,確定
R20261020-0161,2026-10-20,C001,東西道路管理株式会社,S01,中央道 みどり管内維持修繕業務,P1,規制帯,E011,隊員11,規制保安員,伸縮装置補修,日勤,08:30,17:30,60,480,0,D-2156,確定
R20261020-0162,2026-10-20,C001,東西道路管理株式会社,S01,中央道 みどり管内維持修繕業務,P1,規制帯,E012,隊員12,規制保安員,構造物補修,夜勤,19:00,04:00,60,480,0,D-2161,確定
R20261020-0163,2026-10-20,C001,東西道路管理株式会社,S01,中央道 みどり管内維持修繕業務,P1,規制帯,E013,隊員13,規制保安員,構造物補修,夜勤,19:00,04:00,60,480,0,D-2161,確定
R20261020-0164,2026-10-20,C001,東西道路管理株式会社,S01,中央道 みどり管内維持修繕業務,P1,規制帯,E014,隊員14,規制保安員,構造物補修,夜勤,19:00,04:00,60,480,0,D-2161,確定
R20261020-0165,2026-10-20,C001,東西道路管理株式会社,S01,中央道 みどり管内維持修繕業務,P1,規制帯,E015,隊員15,規制保安員,構造物補修,夜勤,19:00,04:00,60,480,0,D-2161,確定
R20261020-0166,2026-10-20,C001,東西道路管理株式会社,S01,中央道 みどり管内維持修繕業務,P1,規制帯,E016,隊員16,規制保安員,構造物補修,夜勤,19:00,04:00,60,480,0,D-2161,確定
R20261020-0167,2026-10-20,C001,東西道路管理株式会社,S01,中央道 みどり管内維持修繕業務,P1,規制帯,E017,隊員17,規制保安員,構造物補修,夜勤,19:00,04:00,60,480,0,D-2161,確定
R20261020-0168,2026-10-20,C001,東西道路管理株式会社,S01,中央道 みどり管内維持修繕業務,P1,規制帯,E018,隊員18,作業員,路面清掃C,日勤,08:30,17:30,60,480,0,D-2167,確定
R20261020-0169,2026-10-20,C001,東西道路管理株式会社,S03,あおば橋 橋梁定期点検 規制・保安業務,P1,規制帯,E019,隊員19,規制保安員,橋梁定期点検,日勤,08:30,17:30,60,480,0,,確定
R20261020-0170,2026-10-20,C001,東西道路管理株式会社,S03,あおば橋 橋梁定期点検 規制・保安業務,P1,規制帯,E020,隊員20,規制保安員,橋梁定期点検,日勤,08:30,17:30,60,480,0,D-2168,確定
R20261020-0171,2026-10-20,C001,東西道路管理株式会社,S03,あおば橋 橋梁定期点検 規制・保安業務,P1,規制帯,E021,隊員21,規制保安員,橋梁定期点検,日勤,08:30,17:30,60,480,0,D-2168,確定
R20261021-0172,2026-10-21,C001,東西道路管理株式会社,S01,中央道 みどり管内維持修繕業務,P1,規制帯,E022,隊員22,規制保安員,植栽関係作業,日勤,08:30,17:30,60,480,0,D-2171,確定
R20261021-0173,2026-10-21,C001,東西道路管理株式会社,S01,中央道 みどり管内維持修繕業務,P1,規制帯,E023,隊員23,規制保安員,植栽関係作業,日勤,08:30,17:30,60,480,0,D-2171,確定
R20261021-0174,2026-10-21,C001,東西道路管理株式会社,S01,中央道 みどり管内維持修繕業務,P1,規制帯,E024,隊員24,規制保安員,植栽関係作業,日勤,08:30,17:30,60,480,0,D-2171,確定
R20261021-0175,2026-10-21,C001,東西道路管理株式会社,S03,あおば橋 橋梁定期点検 規制・保安業務,P1,規制帯,E025,隊員25,規制保安員,橋梁定期点検,日勤,08:30,17:30,60,480,0,D-2174,確定
R20261021-0176,2026-10-21,C001,東西道路管理株式会社,S03,あおば橋 橋梁定期点検 規制・保安業務,P1,規制帯,E026,隊員26,規制保安員,橋梁定期点検,日勤,08:30,17:30,60,480,0,D-2174,確定
R20261021-0177,2026-10-21,C001,東西道路管理株式会社,S03,あおば橋 橋梁定期点検 規制・保安業務,P1,規制帯,E027,隊員27,規制保安員,橋梁定期点検,日勤,08:30,17:30,60,480,0,D-2174,確定
R20261022-0178,2026-10-22,C001,東西道路管理株式会社,S01,中央道 みどり管内維持修繕業務,P1,規制帯,E028,隊員28,規制保安員,舗装小補修,日勤,08:30,17:30,60,480,0,D-2177,確定
R20261022-0179,2026-10-22,C001,東西道路管理株式会社,S01,中央道 みどり管内維持修繕業務,P1,規制帯,E029,隊員29,規制保安員,舗装小補修,日勤,08:30,17:30,60,480,0,D-2177,確定
R20261022-0180,2026-10-22,C001,東西道路管理株式会社,S01,中央道 みどり管内維持修繕業務,P1,規制帯,E030,隊員30,規制保安員,舗装小補修,日勤,08:30,17:30,60,480,0,D-2177,確定
R20261022-0181,2026-10-22,C001,東西道路管理株式会社,S01,中央道 みどり管内維持修繕業務,P1,規制帯,E001,隊員1,規制保安員,舗装小補修,日勤,08:30,17:30,60,480,0,D-2177,確定
R20261022-0182,2026-10-22,C001,東西道路管理株式会社,S01,中央道 みどり管内維持修繕業務,P1,規制帯,E002,隊員2,規制保安員,構造物補修,夜勤,19:00,04:00,60,480,0,D-2181,確定
R20261022-0183,2026-10-22,C001,東西道路管理株式会社,S01,中央道 みどり管内維持修繕業務,P1,規制帯,E003,隊員3,規制保安員,構造物補修,夜勤,19:00,04:00,60,480,0,D-2181,確定
R20261022-0184,2026-10-22,C001,東西道路管理株式会社,S01,中央道 みどり管内維持修繕業務,P1,規制帯,E004,隊員4,規制保安員,構造物補修,夜勤,19:00,04:00,60,480,0,D-2181,確定
R20261022-0185,2026-10-22,C001,東西道路管理株式会社,S01,中央道 みどり管内維持修繕業務,P1,規制帯,E005,隊員5,規制保安員,構造物補修,夜勤,19:00,04:00,60,480,0,D-2181,確定
R20261022-0186,2026-10-22,C001,東西道路管理株式会社,S01,中央道 みどり管内維持修繕業務,P1,規制帯,E006,隊員6,規制保安員,構造物補修,夜勤,19:00,04:00,60,480,0,D-2181,確定
R20261022-0187,2026-10-22,C001,東西道路管理株式会社,S01,中央道 みどり管内維持修繕業務,P1,規制帯,E007,隊員7,規制保安員,構造物補修,夜勤,19:00,04:00,60,480,0,D-2181,確定
R20261022-0188,2026-10-22,C001,東西道路管理株式会社,S01,中央道 みどり管内維持修繕業務,P1,規制帯,E008,隊員8,規制保安員,構造物補修,夜勤,19:00,04:00,60,480,0,D-2181,確定
R20261022-0189,2026-10-22,C001,東西道路管理株式会社,S01,中央道 みどり管内維持修繕業務,P1,規制帯,E009,隊員9,規制保安員,構造物補修,夜勤,19:00,04:00,60,480,0,D-2181,確定
R20261022-0190,2026-10-22,C001,東西道路管理株式会社,S03,あおば橋 橋梁定期点検 規制・保安業務,P1,規制帯,E010,隊員10,規制保安員,橋梁定期点検,日勤,08:30,17:30,60,480,0,D-2189,確定
R20261022-0191,2026-10-22,C001,東西道路管理株式会社,S03,あおば橋 橋梁定期点検 規制・保安業務,P1,規制帯,E011,隊員11,規制保安員,橋梁定期点検,日勤,08:30,17:30,60,480,0,D-2189,確定
R20261022-0192,2026-10-22,C001,東西道路管理株式会社,S03,あおば橋 橋梁定期点検 規制・保安業務,P1,規制帯,E012,隊員12,規制保安員,橋梁定期点検,日勤,08:30,17:30,60,480,0,D-2189,確定
R20261023-0193,2026-10-23,C001,東西道路管理株式会社,S01,中央道 みどり管内維持修繕業務,P1,規制帯,E013,隊員13,規制保安員,伸縮装置補修,日勤,08:30,17:30,60,480,0,D-2192,確定
R20261023-0194,2026-10-23,C001,東西道路管理株式会社,S01,中央道 みどり管内維持修繕業務,P1,規制帯,E014,隊員14,規制保安員,伸縮装置補修,日勤,08:30,17:30,60,480,0,D-2192,確定
R20261023-0195,2026-10-23,C001,東西道路管理株式会社,S01,中央道 みどり管内維持修繕業務,P1,規制帯,E015,隊員15,規制保安員,伸縮装置補修,日勤,08:30,17:30,60,480,0,D-2192,確定
R20261023-0196,2026-10-23,C001,東西道路管理株式会社,S01,中央道 みどり管内維持修繕業務,P1,規制帯,E016,隊員16,規制保安員,伸縮装置補修,日勤,08:30,17:30,60,480,0,D-2192,確定
R20261023-0197,2026-10-23,C001,東西道路管理株式会社,S01,中央道 みどり管内維持修繕業務,P1,規制帯,E017,隊員17,規制保安員,伸縮装置補修,日勤,08:30,17:30,60,480,0,D-2192,確定
R20261023-0198,2026-10-23,C001,東西道路管理株式会社,S03,あおば橋 橋梁定期点検 規制・保安業務,P1,規制帯,E018,隊員18,規制保安員,橋梁定期点検,日勤,08:30,17:30,60,480,0,D-2197,確定
R20261023-0199,2026-10-23,C001,東西道路管理株式会社,S03,あおば橋 橋梁定期点検 規制・保安業務,P1,規制帯,E019,隊員19,規制保安員,橋梁定期点検,日勤,08:30,17:30,60,480,0,D-2197,確定
R20261023-0200,2026-10-23,C001,東西道路管理株式会社,S03,あおば橋 橋梁定期点検 規制・保安業務,P1,規制帯,E020,隊員20,規制保安員,橋梁定期点検,日勤,08:30,17:30,60,480,0,D-2197,確定
R20261026-0201,2026-10-26,C001,東西道路管理株式会社,S01,中央道 みどり管内維持修繕業務,P1,規制帯,E021,隊員21,規制保安員,伸縮装置補修,日勤,08:30,17:30,60,480,0,D-2200,確定
R20261026-0202,2026-10-26,C001,東西道路管理株式会社,S01,中央道 みどり管内維持修繕業務,P1,規制帯,E022,隊員22,規制保安員,伸縮装置補修,日勤,08:30,17:30,60,480,0,D-2200,確定
R20261026-0203,2026-10-26,C001,東西道路管理株式会社,S01,中央道 みどり管内維持修繕業務,P1,規制帯,E023,隊員23,規制保安員,伸縮装置補修,日勤,08:30,17:30,60,480,0,D-2200,確定
R20261026-0204,2026-10-26,C001,東西道路管理株式会社,S01,中央道 みどり管内維持修繕業務,P1,規制帯,E024,隊員24,規制保安員,伸縮装置補修,日勤,08:30,17:30,60,480,0,D-2200,確定
R20261026-0205,2026-10-26,C001,東西道路管理株式会社,S01,中央道 みどり管内維持修繕業務,P1,規制帯,E025,隊員25,規制保安員,伸縮装置補修,日勤,08:30,17:30,60,480,0,D-2200,確定
R20261026-0206,2026-10-26,C001,東西道路管理株式会社,S01,中央道 みどり管内維持修繕業務,P1,規制帯,E026,隊員26,規制保安員,構造物補修,夜勤,19:00,04:00,60,480,0,D-2205,確定
R20261026-0207,2026-10-26,C001,東西道路管理株式会社,S01,中央道 みどり管内維持修繕業務,P1,規制帯,E027,隊員27,規制保安員,構造物補修,夜勤,19:00,04:00,60,480,0,D-2205,確定
R20261026-0208,2026-10-26,C001,東西道路管理株式会社,S01,中央道 みどり管内維持修繕業務,P1,規制帯,E028,隊員28,規制保安員,構造物補修,夜勤,19:00,04:00,60,480,0,D-2205,確定
R20261026-0209,2026-10-26,C001,東西道路管理株式会社,S01,中央道 みどり管内維持修繕業務,P1,規制帯,E029,隊員29,規制保安員,構造物補修,夜勤,19:00,04:00,60,480,0,D-2205,確定
R20261026-0210,2026-10-26,C001,東西道路管理株式会社,S01,中央道 みどり管内維持修繕業務,P1,規制帯,E030,隊員30,規制保安員,構造物補修,夜勤,19:00,04:00,60,480,0,D-2205,確定
R20261026-0211,2026-10-26,C001,東西道路管理株式会社,S01,中央道 みどり管内維持修繕業務,P1,規制帯,E001,隊員1,規制保安員,構造物補修,夜勤,19:00,04:00,60,480,0,D-2205,確定
R20261026-0212,2026-10-26,C001,東西道路管理株式会社,S01,中央道 みどり管内維持修繕業務,P1,規制帯,E002,隊員2,規制保安員,構造物補修,夜勤,19:00,04:00,60,480,0,D-2205,確定
R20261026-0213,2026-10-26,C001,東西道路管理株式会社,S01,中央道 みどり管内維持修繕業務,P1,規制帯,E003,隊員3,規制保安員,構造物補修,夜勤,19:00,04:00,60,480,0,D-2205,確定
R20261026-0214,2026-10-26,C001,東西道路管理株式会社,S03,あおば橋 橋梁定期点検 規制・保安業務,P1,規制帯,E004,隊員4,規制保安員,橋梁定期点検,日勤,08:30,17:30,60,480,0,D-2213,確定
R20261026-0215,2026-10-26,C001,東西道路管理株式会社,S03,あおば橋 橋梁定期点検 規制・保安業務,P1,規制帯,E005,隊員5,規制保安員,橋梁定期点検,日勤,08:30,17:30,60,480,0,D-2213,確定
R20261026-0216,2026-10-26,C001,東西道路管理株式会社,S03,あおば橋 橋梁定期点検 規制・保安業務,P1,規制帯,E006,隊員6,規制保安員,橋梁定期点検,日勤,08:30,17:30,60,480,0,D-2213,確定
R20261027-0217,2026-10-27,C001,東西道路管理株式会社,S01,中央道 みどり管内維持修繕業務,P1,規制帯,E007,隊員7,規制保安員,植栽関係作業,日勤,08:30,17:30,60,480,0,D-2216,確定
R20261027-0218,2026-10-27,C001,東西道路管理株式会社,S01,中央道 みどり管内維持修繕業務,P1,規制帯,E008,隊員8,規制保安員,植栽関係作業,日勤,08:30,17:30,60,480,0,D-2216,確定
R20261027-0219,2026-10-27,C001,東西道路管理株式会社,S01,中央道 みどり管内維持修繕業務,P1,規制帯,E009,隊員9,規制保安員,植栽関係作業,日勤,08:30,17:30,60,480,0,D-2216,確定
R20261027-0220,2026-10-27,C001,東西道路管理株式会社,S03,あおば橋 橋梁定期点検 規制・保安業務,P1,規制帯,E010,隊員10,規制保安員,橋梁定期点検,日勤,08:30,17:30,60,480,0,D-2219,確定
R20261027-0221,2026-10-27,C001,東西道路管理株式会社,S03,あおば橋 橋梁定期点検 規制・保安業務,P1,規制帯,E011,隊員11,規制保安員,橋梁定期点検,日勤,08:30,17:30,60,480,0,D-2219,確定
R20261027-0222,2026-10-27,C001,東西道路管理株式会社,S03,あおば橋 橋梁定期点検 規制・保安業務,P1,規制帯,E012,隊員12,規制保安員,橋梁定期点検,日勤,08:30,17:30,60,480,0,D-2219,確定
R20261028-0223,2026-10-28,C001,東西道路管理株式会社,S01,中央道 みどり管内維持修繕業務,P1,規制帯,E013,隊員13,規制保安員,舗装小補修,日勤,08:30,17:30,60,480,0,D-2222,確定
R20261028-0224,2026-10-28,C001,東西道路管理株式会社,S01,中央道 みどり管内維持修繕業務,P1,規制帯,E014,隊員14,規制保安員,舗装小補修,日勤,08:30,17:30,60,480,0,D-2222,確定
R20261028-0225,2026-10-28,C001,東西道路管理株式会社,S01,中央道 みどり管内維持修繕業務,P1,規制帯,E015,隊員15,規制保安員,舗装小補修,日勤,08:30,17:30,60,480,0,D-2222,確定
R20261028-0226,2026-10-28,C001,東西道路管理株式会社,S01,中央道 みどり管内維持修繕業務,P1,規制帯,E016,隊員16,規制保安員,舗装小補修,日勤,08:30,17:30,60,480,0,D-2222,確定
R20261028-0227,2026-10-28,C001,東西道路管理株式会社,S01,中央道 みどり管内維持修繕業務,P1,規制帯,E017,隊員17,規制保安員,構造物補修,夜勤,19:00,04:00,60,480,0,D-2226,確定
R20261028-0228,2026-10-28,C001,東西道路管理株式会社,S01,中央道 みどり管内維持修繕業務,P1,規制帯,E018,隊員18,規制保安員,構造物補修,夜勤,19:00,04:00,60,480,0,D-2226,確定
R20261028-0229,2026-10-28,C001,東西道路管理株式会社,S01,中央道 みどり管内維持修繕業務,P1,規制帯,E019,隊員19,規制保安員,構造物補修,夜勤,19:00,04:00,60,480,0,D-2226,確定
R20261028-0230,2026-10-28,C001,東西道路管理株式会社,S01,中央道 みどり管内維持修繕業務,P1,規制帯,E020,隊員20,規制保安員,構造物補修,夜勤,19:00,04:00,60,480,0,D-2226,確定
R20261028-0231,2026-10-28,C001,東西道路管理株式会社,S01,中央道 みどり管内維持修繕業務,P1,規制帯,E021,隊員21,規制保安員,構造物補修,夜勤,19:00,04:00,60,480,0,D-2226,確定
R20261028-0232,2026-10-28,C001,東西道路管理株式会社,S01,中央道 みどり管内維持修繕業務,P1,規制帯,E022,隊員22,規制保安員,構造物補修,夜勤,19:00,04:00,60,480,0,D-2226,確定
R20261028-0233,2026-10-28,C001,東西道路管理株式会社,S03,あおば橋 橋梁定期点検 規制・保安業務,P1,規制帯,E023,隊員23,規制保安員,橋梁定期点検,日勤,08:30,17:30,60,480,0,D-2232,確定
R20261028-0234,2026-10-28,C001,東西道路管理株式会社,S03,あおば橋 橋梁定期点検 規制・保安業務,P1,規制帯,E024,隊員24,規制保安員,橋梁定期点検,日勤,08:30,17:30,60,480,0,D-2232,確定
R20261028-0235,2026-10-28,C001,東西道路管理株式会社,S03,あおば橋 橋梁定期点検 規制・保安業務,P1,規制帯,E025,隊員25,規制保安員,橋梁定期点検,日勤,08:30,17:30,60,480,0,D-2232,確定
R20261029-0236,2026-10-29,C001,東西道路管理株式会社,S01,中央道 みどり管内維持修繕業務,P1,規制帯,E026,隊員26,規制保安員,伸縮装置補修,日勤,08:30,17:30,60,480,0,D-2235,確定
R20261029-0237,2026-10-29,C001,東西道路管理株式会社,S01,中央道 みどり管内維持修繕業務,P1,規制帯,E027,隊員27,規制保安員,伸縮装置補修,日勤,08:30,17:30,60,480,0,D-2235,確定
R20261029-0238,2026-10-29,C001,東西道路管理株式会社,S01,中央道 みどり管内維持修繕業務,P1,規制帯,E028,隊員28,規制保安員,伸縮装置補修,日勤,08:30,17:30,60,480,0,D-2235,確定
R20261029-0239,2026-10-29,C001,東西道路管理株式会社,S01,中央道 みどり管内維持修繕業務,P1,規制帯,E029,隊員29,規制保安員,伸縮装置補修,日勤,08:30,17:30,60,480,0,D-2235,確定
R20261029-0240,2026-10-29,C001,東西道路管理株式会社,S01,中央道 みどり管内維持修繕業務,P1,規制帯,E030,隊員30,規制保安員,伸縮装置補修,日勤,08:30,17:30,60,480,0,D-2235,確定
R20261030-0241,2026-10-30,C001,東西道路管理株式会社,S01,中央道 みどり管内維持修繕業務,P1,規制帯,E001,隊員1,規制保安員,植栽関係作業,日勤,08:30,17:30,60,480,0,D-2240,確定
R20261030-0242,2026-10-30,C001,東西道路管理株式会社,S01,中央道 みどり管内維持修繕業務,P1,規制帯,E002,隊員2,規制保安員,植栽関係作業,日勤,08:30,17:30,60,480,0,D-2240,確定
R20261030-0243,2026-10-30,C001,東西道路管理株式会社,S01,中央道 みどり管内維持修繕業務,P1,規制帯,E003,隊員3,規制保安員,植栽関係作業,日勤,08:30,17:30,60,480,0,D-2240,確定
R20261030-0244,2026-10-30,C001,東西道路管理株式会社,S01,中央道 みどり管内維持修繕業務,P1,規制帯,E004,隊員4,規制保安員,構造物補修,夜勤,19:00,04:00,60,480,0,D-2243,未確定
R20261030-0245,2026-10-30,C001,東西道路管理株式会社,S01,中央道 みどり管内維持修繕業務,P1,規制帯,E005,隊員5,規制保安員,構造物補修,夜勤,19:00,04:00,60,480,0,D-2243,確定
R20261030-0246,2026-10-30,C001,東西道路管理株式会社,S01,中央道 みどり管内維持修繕業務,P1,規制帯,E006,隊員6,規制保安員,構造物補修,夜勤,19:00,04:00,60,480,0,D-2243,確定
R20261030-0247,2026-10-30,C001,東西道路管理株式会社,S01,中央道 みどり管内維持修繕業務,P1,規制帯,E007,隊員7,規制保安員,構造物補修,夜勤,19:00,04:00,60,480,0,D-2243,確定
R20261030-0248,2026-10-30,C001,東西道路管理株式会社,S01,中央道 みどり管内維持修繕業務,P1,規制帯,E008,隊員8,規制保安員,構造物補修,夜勤,19:00,04:00,60,480,0,D-2243,確定
R20261030-0249,2026-10-30,C001,東西道路管理株式会社,S01,中央道 みどり管内維持修繕業務,P1,規制帯,E009,隊員9,規制保安員,構造物補修,夜勤,19:00,04:00,60,480,0,D-2243,確定
R20261030-0250,2026-10-30,C001,東西道路管理株式会社,S01,中央道 みどり管内維持修繕業務,P1,規制帯,E010,隊員10,規制保安員,構造物補修,夜勤,19:00,04:00,60,480,0,D-2243,確定
R20261030-0251,2026-10-30,C001,東西道路管理株式会社,S01,中央道 みどり管内維持修繕業務,P1,規制帯,E011,隊員11,規制保安員,構造物補修,夜勤,19:00,04:00,60,480,0,D-2243,確定
R20261030-0252,2026-10-30,C001,東西道路管理株式会社,S01,中央道 みどり管内維持修繕業務,P1,規制帯,E012,隊員12,作業員,路面清掃C,日勤,08:30,17:30,60,480,0,D-2251,確定
R20260921-0253,2026-09-21,C002,みなと土木株式会社,S10,河川護岸工事,P1,規制帯,E013,隊員13,規制保安員,工事車両誘導,日勤,08:00,17:00,60,480,0,D-2252,確定
R20260921-0254,2026-09-21,C002,みなと土木株式会社,S10,河川護岸工事,P1,規制帯,E014,隊員14,規制保安員,工事車両誘導,日勤,08:00,17:00,60,480,0,D-2252,確定
R20260922-0255,2026-09-22,C002,みなと土木株式会社,S10,河川護岸工事,P1,規制帯,E015,隊員15,規制保安員,工事車両誘導,日勤,08:00,17:00,60,480,0,D-2254,確定
R20260922-0256,2026-09-22,C002,みなと土木株式会社,S10,河川護岸工事,P1,規制帯,E016,隊員16,規制保安員,工事車両誘導,日勤,08:00,17:00,60,480,0,D-2254,確定
R20260923-0257,2026-09-23,C002,みなと土木株式会社,S10,河川護岸工事,P1,規制帯,E017,隊員17,規制保安員,工事車両誘導,日勤,08:00,17:00,60,480,0,D-2256,確定
R20260923-0258,2026-09-23,C002,みなと土木株式会社,S10,河川護岸工事,P1,規制帯,E018,隊員18,規制保安員,工事車両誘導,日勤,08:00,17:00,60,480,0,D-2256,確定
R20260924-0259,2026-09-24,C002,みなと土木株式会社,S10,河川護岸工事,P1,規制帯,E019,隊員19,規制保安員,工事車両誘導,日勤,08:00,17:00,60,480,0,D-2258,確定
R20260924-0260,2026-09-24,C002,みなと土木株式会社,S10,河川護岸工事,P1,規制帯,E020,隊員20,規制保安員,工事車両誘導,日勤,08:00,17:00,60,480,0,D-2258,確定
R20260925-0261,2026-09-25,C002,みなと土木株式会社,S10,河川護岸工事,P1,規制帯,E021,隊員21,規制保安員,工事車両誘導,日勤,08:00,17:00,60,480,0,D-2260,確定
R20260925-0262,2026-09-25,C002,みなと土木株式会社,S10,河川護岸工事,P1,規制帯,E022,隊員22,規制保安員,工事車両誘導,日勤,08:00,17:00,60,480,0,D-2260,確定
R20260926-0263,2026-09-26,C002,みなと土木株式会社,S10,河川護岸工事,P1,規制帯,E023,隊員23,規制保安員,工事車両誘導,日勤,08:00,17:00,60,480,0,D-2262,確定
R20260926-0264,2026-09-26,C002,みなと土木株式会社,S10,河川護岸工事,P1,規制帯,E024,隊員24,規制保安員,工事車両誘導,日勤,08:00,17:00,60,480,0,D-2262,確定
R20260927-0265,2026-09-27,C002,みなと土木株式会社,S10,河川護岸工事,P1,規制帯,E025,隊員25,規制保安員,工事車両誘導,日勤,08:00,17:00,60,480,0,D-2264,確定
R20260927-0266,2026-09-27,C002,みなと土木株式会社,S10,河川護岸工事,P1,規制帯,E026,隊員26,規制保安員,工事車両誘導,日勤,08:00,17:00,60,480,0,D-2264,確定
R20260928-0267,2026-09-28,C002,みなと土木株式会社,S10,河川護岸工事,P1,規制帯,E027,隊員27,規制保安員,工事車両誘導,日勤,08:00,17:00,60,480,0,D-2266,確定
R20260928-0268,2026-09-28,C002,みなと土木株式会社,S10,河川護岸工事,P1,規制帯,E028,隊員28,規制保安員,工事車両誘導,日勤,08:00,17:00,60,480,0,D-2266,確定
R20260929-0269,2026-09-29,C002,みなと土木株式会社,S10,河川護岸工事,P1,規制帯,E029,隊員29,規制保安員,工事車両誘導,日勤,08:00,17:00,60,480,0,D-2268,確定
R20260929-0270,2026-09-29,C002,みなと土木株式会社,S10,河川護岸工事,P1,規制帯,E030,隊員30,規制保安員,工事車両誘導,日勤,08:00,17:00,60,480,0,D-2268,確定
R20260930-0271,2026-09-30,C002,みなと土木株式会社,S10,河川護岸工事,P1,規制帯,E001,隊員1,規制保安員,工事車両誘導,日勤,08:00,17:00,60,480,0,D-2270,確定
R20260930-0272,2026-09-30,C002,みなと土木株式会社,S10,河川護岸工事,P1,規制帯,E002,隊員2,規制保安員,工事車両誘導,日勤,08:00,17:00,60,480,0,D-2270,確定
R20261001-0273,2026-10-01,C002,みなと土木株式会社,S10,河川護岸工事,P1,規制帯,E003,隊員3,規制保安員,工事車両誘導,日勤,08:00,17:00,60,480,0,D-2272,確定
R20261001-0274,2026-10-01,C002,みなと土木株式会社,S10,河川護岸工事,P1,規制帯,E004,隊員4,規制保安員,工事車両誘導,日勤,08:00,17:00,60,480,0,D-2272,確定
R20261002-0275,2026-10-02,C002,みなと土木株式会社,S10,河川護岸工事,P1,規制帯,E005,隊員5,規制保安員,工事車両誘導,日勤,08:00,17:00,60,480,0,D-2274,確定
R20261002-0276,2026-10-02,C002,みなと土木株式会社,S10,河川護岸工事,P1,規制帯,E006,隊員6,規制保安員,工事車両誘導,日勤,08:00,17:00,60,480,0,D-2274,確定
R20261003-0277,2026-10-03,C002,みなと土木株式会社,S10,河川護岸工事,P1,規制帯,E007,隊員7,規制保安員,工事車両誘導,日勤,08:00,17:00,60,480,0,D-2276,確定
R20261003-0278,2026-10-03,C002,みなと土木株式会社,S10,河川護岸工事,P1,規制帯,E008,隊員8,規制保安員,工事車両誘導,日勤,08:00,17:00,60,480,0,D-2276,確定
R20261004-0279,2026-10-04,C002,みなと土木株式会社,S10,河川護岸工事,P1,規制帯,E009,隊員9,規制保安員,工事車両誘導,日勤,08:00,17:00,60,480,0,D-2278,確定
R20261004-0280,2026-10-04,C002,みなと土木株式会社,S10,河川護岸工事,P1,規制帯,E010,隊員10,規制保安員,工事車両誘導,日勤,08:00,17:00,60,480,0,D-2278,確定
R20261005-0281,2026-10-05,C002,みなと土木株式会社,S10,河川護岸工事,P1,規制帯,E011,隊員11,規制保安員,工事車両誘導,日勤,08:00,17:00,60,480,0,D-2280,確定
R20261005-0282,2026-10-05,C002,みなと土木株式会社,S10,河川護岸工事,P1,規制帯,E012,隊員12,規制保安員,工事車両誘導,日勤,08:00,17:00,60,480,0,D-2280,確定
R20261006-0283,2026-10-06,C002,みなと土木株式会社,S10,河川護岸工事,P1,規制帯,E013,隊員13,規制保安員,工事車両誘導,日勤,08:00,17:00,60,480,0,D-2282,確定
R20261006-0284,2026-10-06,C002,みなと土木株式会社,S10,河川護岸工事,P1,規制帯,E014,隊員14,規制保安員,工事車両誘導,日勤,08:00,17:00,60,480,0,D-2282,確定
R20261007-0285,2026-10-07,C002,みなと土木株式会社,S10,河川護岸工事,P1,規制帯,E015,隊員15,規制保安員,工事車両誘導,日勤,08:00,17:00,60,480,0,D-2284,確定
R20261007-0286,2026-10-07,C002,みなと土木株式会社,S10,河川護岸工事,P1,規制帯,E016,隊員16,規制保安員,工事車両誘導,日勤,08:00,17:00,60,480,0,D-2284,確定
R20261008-0287,2026-10-08,C002,みなと土木株式会社,S10,河川護岸工事,P1,規制帯,E017,隊員17,規制保安員,工事車両誘導,日勤,08:00,17:00,60,480,0,D-2286,確定
R20261008-0288,2026-10-08,C002,みなと土木株式会社,S10,河川護岸工事,P1,規制帯,E018,隊員18,規制保安員,工事車両誘導,日勤,08:00,17:00,60,480,0,D-2286,確定
R20261009-0289,2026-10-09,C002,みなと土木株式会社,S10,河川護岸工事,P1,規制帯,E019,隊員19,規制保安員,工事車両誘導,日勤,08:00,17:00,60,480,0,D-2288,確定
R20261009-0290,2026-10-09,C002,みなと土木株式会社,S10,河川護岸工事,P1,規制帯,E020,隊員20,規制保安員,工事車両誘導,日勤,08:00,17:00,60,480,0,D-2288,確定
R20261010-0291,2026-10-10,C002,みなと土木株式会社,S10,河川護岸工事,P1,規制帯,E021,隊員21,規制保安員,工事車両誘導,日勤,08:00,17:00,60,480,0,D-2290,確定
R20261010-0292,2026-10-10,C002,みなと土木株式会社,S10,河川護岸工事,P1,規制帯,E022,隊員22,規制保安員,工事車両誘導,日勤,08:00,17:00,60,480,0,D-2290,確定
R20261011-0293,2026-10-11,C002,みなと土木株式会社,S10,河川護岸工事,P1,規制帯,E023,隊員23,規制保安員,工事車両誘導,日勤,08:00,17:00,60,480,0,D-2292,確定
R20261011-0294,2026-10-11,C002,みなと土木株式会社,S10,河川護岸工事,P1,規制帯,E024,隊員24,規制保安員,工事車両誘導,日勤,08:00,17:00,60,480,0,D-2292,確定
R20261012-0295,2026-10-12,C002,みなと土木株式会社,S10,河川護岸工事,P1,規制帯,E025,隊員25,規制保安員,工事車両誘導,日勤,08:00,17:00,60,480,0,D-2294,確定
R20261012-0296,2026-10-12,C002,みなと土木株式会社,S10,河川護岸工事,P1,規制帯,E026,隊員26,規制保安員,工事車両誘導,日勤,08:00,17:00,60,480,0,D-2294,確定
R20261013-0297,2026-10-13,C002,みなと土木株式会社,S10,河川護岸工事,P1,規制帯,E027,隊員27,規制保安員,工事車両誘導,日勤,08:00,17:00,60,480,0,D-2296,確定
R20261013-0298,2026-10-13,C002,みなと土木株式会社,S10,河川護岸工事,P1,規制帯,E028,隊員28,規制保安員,工事車両誘導,日勤,08:00,17:00,60,480,0,D-2296,確定
R20261014-0299,2026-10-14,C002,みなと土木株式会社,S10,河川護岸工事,P1,規制帯,E029,隊員29,規制保安員,工事車両誘導,日勤,08:00,17:00,60,480,0,D-2298,確定
R20261014-0300,2026-10-14,C002,みなと土木株式会社,S10,河川護岸工事,P1,規制帯,E030,隊員30,規制保安員,工事車両誘導,日勤,08:00,17:00,60,480,0,D-2298,確定
R20261015-0301,2026-10-15,C002,みなと土木株式会社,S10,河川護岸工事,P1,規制帯,E001,隊員1,規制保安員,工事車両誘導,日勤,08:00,17:00,60,480,0,D-2300,確定
R20261015-0302,2026-10-15,C002,みなと土木株式会社,S10,河川護岸工事,P1,規制帯,E002,隊員2,規制保安員,工事車両誘導,日勤,08:00,17:00,60,480,0,D-2300,確定
R20261016-0303,2026-10-16,C002,みなと土木株式会社,S10,河川護岸工事,P1,規制帯,E003,隊員3,規制保安員,工事車両誘導,日勤,08:00,17:00,60,480,0,D-2302,確定
R20261016-0304,2026-10-16,C002,みなと土木株式会社,S10,河川護岸工事,P1,規制帯,E004,隊員4,規制保安員,工事車両誘導,日勤,08:00,17:00,60,480,0,D-2302,確定
R20261017-0305,2026-10-17,C002,みなと土木株式会社,S10,河川護岸工事,P1,規制帯,E005,隊員5,規制保安員,工事車両誘導,日勤,08:00,17:00,60,480,0,D-2304,確定
R20261017-0306,2026-10-17,C002,みなと土木株式会社,S10,河川護岸工事,P1,規制帯,E006,隊員6,規制保安員,工事車両誘導,日勤,08:00,17:00,60,480,0,D-2304,確定
R20261018-0307,2026-10-18,C002,みなと土木株式会社,S10,河川護岸工事,P1,規制帯,E007,隊員7,規制保安員,工事車両誘導,日勤,08:00,17:00,60,480,0,D-2306,確定
R20261018-0308,2026-10-18,C002,みなと土木株式会社,S10,河川護岸工事,P1,規制帯,E008,隊員8,規制保安員,工事車両誘導,日勤,08:00,17:00,60,480,0,D-2306,確定
R20261019-0309,2026-10-19,C002,みなと土木株式会社,S10,河川護岸工事,P1,規制帯,E009,隊員9,規制保安員,工事車両誘導,日勤,08:00,17:00,60,480,0,D-2308,確定
R20261019-0310,2026-10-19,C002,みなと土木株式会社,S10,河川護岸工事,P1,規制帯,E010,隊員10,規制保安員,工事車両誘導,日勤,08:00,17:00,60,480,0,D-2308,確定
R20261020-0311,2026-10-20,C002,みなと土木株式会社,S10,河川護岸工事,P1,規制帯,E011,隊員11,規制保安員,工事車両誘導,日勤,08:00,17:00,60,480,0,D-2310,確定
R20261020-0312,2026-10-20,C002,みなと土木株式会社,S10,河川護岸工事,P1,規制帯,E012,隊員12,規制保安員,工事車両誘導,日勤,08:00,17:00,60,480,0,D-2310,確定
R20261021-0313,2026-10-21,C002,みなと土木株式会社,S10,河川護岸工事,P1,規制帯,E013,隊員13,規制保安員,工事車両誘導,日勤,08:00,17:00,60,480,0,D-2312,確定
R20261021-0314,2026-10-21,C002,みなと土木株式会社,S10,河川護岸工事,P1,規制帯,E014,隊員14,規制保安員,工事車両誘導,日勤,08:00,17:00,60,480,0,D-2312,確定
R20261022-0315,2026-10-22,C002,みなと土木株式会社,S10,河川護岸工事,P1,規制帯,E015,隊員15,規制保安員,工事車両誘導,日勤,08:00,17:00,60,480,0,D-2314,確定
R20261022-0316,2026-10-22,C002,みなと土木株式会社,S10,河川護岸工事,P1,規制帯,E016,隊員16,規制保安員,工事車両誘導,日勤,08:00,17:00,60,480,0,D-2314,確定
R20261023-0317,2026-10-23,C002,みなと土木株式会社,S10,河川護岸工事,P1,規制帯,E017,隊員17,規制保安員,工事車両誘導,日勤,08:00,17:00,60,480,0,D-2316,確定
R20261023-0318,2026-10-23,C002,みなと土木株式会社,S10,河川護岸工事,P1,規制帯,E018,隊員18,規制保安員,工事車両誘導,日勤,08:00,17:00,60,480,0,D-2316,確定
R20261024-0319,2026-10-24,C002,みなと土木株式会社,S10,河川護岸工事,P1,規制帯,E019,隊員19,規制保安員,工事車両誘導,日勤,08:00,17:00,60,480,0,D-2318,確定
R20261024-0320,2026-10-24,C002,みなと土木株式会社,S10,河川護岸工事,P1,規制帯,E020,隊員20,規制保安員,工事車両誘導,日勤,08:00,17:00,60,480,0,D-2318,確定
R20261025-0321,2026-10-25,C002,みなと土木株式会社,S10,河川護岸工事,P1,規制帯,E021,隊員21,規制保安員,工事車両誘導,日勤,08:00,17:00,60,480,0,D-2320,確定
R20261025-0322,2026-10-25,C002,みなと土木株式会社,S10,河川護岸工事,P1,規制帯,E022,隊員22,規制保安員,工事車両誘導,日勤,08:00,17:00,60,480,0,D-2320,確定
R20261005-0323,2026-10-05,C003,ひかり電設株式会社,S20,駅前通り 電線共同溝工事,P1,規制帯,E023,隊員23,規制保安員,夜間規制,夜勤,17:00,02:00,60,480,0,D-2322,確定
R20261005-0324,2026-10-05,C003,ひかり電設株式会社,S20,駅前通り 電線共同溝工事,P1,規制帯,E024,隊員24,規制保安員,夜間規制,夜勤,17:00,02:00,60,480,0,D-2322,確定
R20261008-0325,2026-10-08,C003,ひかり電設株式会社,S20,駅前通り 電線共同溝工事,P1,規制帯,E025,隊員25,規制保安員,夜間規制,夜勤,17:00,02:00,60,480,0,D-2324,確定
R20261008-0326,2026-10-08,C003,ひかり電設株式会社,S20,駅前通り 電線共同溝工事,P1,規制帯,E026,隊員26,規制保安員,夜間規制,夜勤,17:00,02:00,60,480,0,D-2324,確定
R20261011-0327,2026-10-11,C003,ひかり電設株式会社,S20,駅前通り 電線共同溝工事,P1,規制帯,E027,隊員27,規制保安員,夜間規制,夜勤,17:00,02:00,60,480,0,D-2326,確定
R20261011-0328,2026-10-11,C003,ひかり電設株式会社,S20,駅前通り 電線共同溝工事,P1,規制帯,E028,隊員28,規制保安員,夜間規制,夜勤,17:00,02:00,60,480,0,D-2326,確定
R20261014-0329,2026-10-14,C003,ひかり電設株式会社,S20,駅前通り 電線共同溝工事,P1,規制帯,E029,隊員29,規制保安員,夜間規制,夜勤,17:00,02:00,60,480,0,D-2328,確定
R20261014-0330,2026-10-14,C003,ひかり電設株式会社,S20,駅前通り 電線共同溝工事,P1,規制帯,E030,隊員30,規制保安員,夜間規制,夜勤,17:00,02:00,60,480,0,D-2328,確定
R20261017-0331,2026-10-17,C003,ひかり電設株式会社,S20,駅前通り 電線共同溝工事,P1,規制帯,E001,隊員1,規制保安員,夜間規制,夜勤,17:00,02:00,60,480,0,D-2330,確定
R20261017-0332,2026-10-17,C003,ひかり電設株式会社,S20,駅前通り 電線共同溝工事,P1,規制帯,E002,隊員2,規制保安員,夜間規制,夜勤,17:00,02:00,60,480,0,D-2330,確定
R20261020-0333,2026-10-20,C003,ひかり電設株式会社,S20,駅前通り 電線共同溝工事,P1,規制帯,E003,隊員3,規制保安員,夜間規制,夜勤,17:00,02:00,60,480,0,D-2332,確定
R20261020-0334,2026-10-20,C003,ひかり電設株式会社,S20,駅前通り 電線共同溝工事,P1,規制帯,E004,隊員4,規制保安員,夜間規制,夜勤,17:00,02:00,60,480,0,D-2332,確定
R20261023-0335,2026-10-23,C003,ひかり電設株式会社,S20,駅前通り 電線共同溝工事,P1,規制帯,E005,隊員5,規制保安員,夜間規制,夜勤,17:00,02:00,60,480,0,D-2334,確定
R20261023-0336,2026-10-23,C003,ひかり電設株式会社,S20,駅前通り 電線共同溝工事,P1,規制帯,E006,隊員6,規制保安員,夜間規制,夜勤,17:00,02:00,60,480,0,D-2334,確定
