機材明細ID,勤務日,元請けID,現場ID,作業内容,品目,数量,伝票番号
M20261001-001,2026-10-01,C001,S02,さくらバイパス除草工,車両トラック,1,D-2004
M20261001-002,2026-10-01,C001,S02,さくらバイパス除草工,パッカー車,2,D-2004
M20261001-003,2026-10-01,C001,S02,さくらバイパス除草工,作業道具一式,1,D-2004
M20261002-004,2026-10-02,C001,S02,さくらバイパス除草工,車両トラック,1,D-2023
M20261002-005,2026-10-02,C001,S02,さくらバイパス除草工,パッカー車,2,D-2023
M20261002-006,2026-10-02,C001,S02,さくらバイパス除草工,作業道具一式,1,D-2023
M20261005-007,2026-10-05,C001,S02,さくらバイパス除草工,車両トラック,1,D-2035
M20261005-008,2026-10-05,C001,S02,さくらバイパス除草工,パッカー車,2,D-2035
M20261005-009,2026-10-05,C001,S02,さくらバイパス除草工,作業道具一式,1,D-2035
M20261006-010,2026-10-06,C001,S02,さくらバイパス除草工,車両トラック,1,D-2052
M20261006-011,2026-10-06,C001,S02,さくらバイパス除草工,パッカー車,2,D-2052
M20261006-012,2026-10-06,C001,S02,さくらバイパス除草工,作業道具一式,1,D-2052
M20261007-013,2026-10-07,C001,S02,さくらバイパス除草工,車両トラック,1,D-2062
M20261007-014,2026-10-07,C001,S02,さくらバイパス除草工,パッカー車,2,D-2062
M20261007-015,2026-10-07,C001,S02,さくらバイパス除草工,作業道具一式,1,D-2062
M20261008-016,2026-10-08,C001,S02,さくらバイパス除草工,車両トラック,1,D-2079
M20261008-017,2026-10-08,C001,S02,さくらバイパス除草工,パッカー車,2,D-2079
M20261008-018,2026-10-08,C001,S02,さくらバイパス除草工,作業道具一式,1,D-2079
M20261009-019,2026-10-09,C001,S02,さくらバイパス除草工,車両トラック,1,D-2088
M20261009-020,2026-10-09,C001,S02,さくらバイパス除草工,パッカー車,2,D-2088
M20261009-021,2026-10-09,C001,S02,さくらバイパス除草工,作業道具一式,1,D-2088
M20261012-022,2026-10-12,C001,S03,橋梁定期点検,車両トラック,1,D-2103
M20261012-023,2026-10-12,C001,S03,橋梁定期点検,規制材一式,1,D-2103
M20261013-024,2026-10-13,C001,S03,橋梁定期点検,車両トラック,1,D-2110
M20261013-025,2026-10-13,C001,S03,橋梁定期点検,規制材一式,1,D-2110
M20261014-026,2026-10-14,C001,S03,橋梁定期点検,車両トラック,1,D-2126
M20261014-027,2026-10-14,C001,S03,橋梁定期点検,規制材一式,1,D-2126
M20261015-028,2026-10-15,C001,S03,橋梁定期点検,車両トラック,1,D-2133
M20261015-029,2026-10-15,C001,S03,橋梁定期点検,規制材一式,1,D-2133
M20261016-030,2026-10-16,C001,S03,橋梁定期点検,車両トラック,1,D-2146
M20261016-031,2026-10-16,C001,S03,橋梁定期点検,規制材一式,1,D-2146
M20261019-032,2026-10-19,C001,S03,橋梁定期点検,車両トラック,1,D-2153
M20261019-033,2026-10-19,C001,S03,橋梁定期点検,規制材一式,1,D-2153
M20261020-034,2026-10-20,C001,S03,橋梁定期点検,車両トラック,1,D-2168
M20261020-035,2026-10-20,C001,S03,橋梁定期点検,規制材一式,1,D-2168
M20261021-036,2026-10-21,C001,S03,橋梁定期点検,車両トラック,1,D-2174
M20261021-037,2026-10-21,C001,S03,橋梁定期点検,規制材一式,1,D-2174
M20261022-038,2026-10-22,C001,S03,橋梁定期点検,車両トラック,1,D-2189
M20261022-039,2026-10-22,C001,S03,橋梁定期点検,規制材一式,1,D-2189
M20261023-040,2026-10-23,C001,S03,橋梁定期点検,車両トラック,1,D-2197
M20261023-041,2026-10-23,C001,S03,橋梁定期点検,規制材一式,1,D-2197
M20261026-042,2026-10-26,C001,S03,橋梁定期点検,車両トラック,1,D-2213
M20261026-043,2026-10-26,C001,S03,橋梁定期点検,規制材一式,1,D-2213
M20261027-044,2026-10-27,C001,S03,橋梁定期点検,車両トラック,1,D-2219
M20261027-045,2026-10-27,C001,S03,橋梁定期点検,規制材一式,1,D-2219
M20261028-046,2026-10-28,C001,S03,橋梁定期点検,車両トラック,1,D-2232
M20261028-047,2026-10-28,C001,S03,橋梁定期点検,規制材一式,1,D-2232
